{
    "total_runtime": 177.07760572433472,
    "num_documents": 1,
    "update_documents": 0,
    "input_load_time": 0,
    "workflows": {
        "load_input_documents": {
            "overall": 0.033583879470825195
        },
        "create_base_text_units": {
            "overall": 0.062126874923706055
        },
        "create_final_documents": {
            "overall": 0.014806032180786133
        },
        "extract_graph": {
            "overall": 69.65789580345154
        },
        "finalize_graph": {
            "overall": 0.03941202163696289
        },
        "extract_covariates": {
            "overall": 0.00011491775512695312
        },
        "create_communities": {
            "overall": 0.04888582229614258
        },
        "create_final_text_units": {
            "overall": 0.024882793426513672
        },
        "create_community_reports": {
            "overall": 101.83455896377563
        },
        "generate_text_embeddings": {
            "overall": 5.359244108200073
        }
    }
}